,cpu_requested,mem_requested,time
0,7673.6254866,6000.03016862,0
1,7616.448167,6141.69953212,3584438388
2,7626.0501483,6082.88555772,5027998969
