,cpu_requested,cpu_usage,mem_requested,mem_usage,time
0,7673.6254866,0.0,6000.03016862,0.0,0
1,7616.448167,2507.87313775,6141.69953212,2809.15039644,3584438388
2,7626.0501483,2283.69501033,6082.88555772,2758.77307096,5027998969
